All Names,Male First,Female First,Surname
Aaron,Aaron,Abigail,Aaltonen
Abel,Abel,Ada,Abadi
Abraham,Abraham,Adaline,Abayomi
Adam,Adam,Addison,Abdi
Adrian,Adrian,Adriana,Abdullah
Aidan,Aidan,Adrienne,Abdullahi
Alan,Alan,Aileen,Abe
Albert,Albert,Aimee,Aben
Alec,Alec,Alana,Abrams
Alejandro,Alejandro,Alba,Acar
Alex,Alex,Alejandra,Acosta
Alexander,Alexander,Alexa,Adams
Alfred,Alfred,Alexandra,Adjei
Alvin,Alvin,Alexandria,Agassi
Amir,Amir,Alexis,Aguilar
Andre,Andre,Alice,Ahmad
Andres,Andres,Alicia,Ahmed
Andrew,Andrew,Alisha,Ahn
Andy,Andy,Alison,Aidoo
Angelo,Angelo,Allison,Ainsworth
Anthony,Anthony,Allyson,Ajayi
Antonio,Antonio,Alyssa,Akande
Archer,Archer,Amanda,Akhtar
Arthur,Arthur,Amber,Alam
Asher,Asher,Amelia,Alarcon
Ashton,Ashton,Amira,Albers
August,August,Amy,Albouy
Austin,Austin,Ana,Albrecht
Axel,Axel,Anastasia,Alcántara
Barry,Barry,Andrea,Aleksandrov
Beau,Beau,Angela,Ali
Ben,Ben,Angelica,Aliev
Benjamin,Benjamin,Angelina,Alkan
Bennett,Bennett,Angie,Allan
Bernard,Bernard,Anita,Almeida
Blake,Blake,Ann,Alonso
Bob,Bob,Anna,Alvarado
Bobby,Bobby,Annabelle,Alvarez
Brad,Brad,Anne,Amaral
Bradley,Bradley,Annette,Amari
Brady,Brady,Annie,Amini
Brandon,Brandon,Antonia,Amiri
Brayden,Brayden,April,Anastasiou
Brent,Brent,Aria,Andersen
Brett,Brett,Ariana,Anderson
Brian,Brian,Arianna,Andrade
Brock,Brock,Ariel,Andreescu
Brody,Brody,Arlene,Andreev
Bruce,Bruce,Ashlee,Ang
Bryan,Bryan,Ashley,Angeli
Bryant,Bryant,Ashlyn,Anisimov
Bryce,Bryce,Aspen,Annan
Caleb,Caleb,Athena,Antal
Calvin,Calvin,Aubree,Antoniadis
Cameron,Cameron,Aubrey,Antoniou
Carl,Carl,Audra,Antonov
Carlos,Carlos,Audrey,Anwar
Carter,Carter,Autumn,Araki
Casey,Casey,Ava,Araya
Cesar,Cesar,Avery,Arceneaux
Chad,Chad,Bailey,Archer
Charles,Charles,Barbara,Arcos
Charlie,Charlie,Beatrice,Arden
Chase,Chase,Becky,Ardila
Chris,Chris,Belinda,Arias
Christian,Christian,Bella,Aristide
Christopher,Christopher,Bernadette,Armani
Clarence,Clarence,Beth,Armstrong
Clay,Clay,Bethany,Arnaud
Clayton,Clayton,Betsy,Arora
Clifford,Clifford,Betty,Arruda
Clint,Clint,Beverly,Arslan
Clinton,Clinton,Bianca,Arturo
Cody,Cody,Billie,Asadi
Colby,Colby,Blair,Asano
Cole,Cole,Blanca,Ashby
Colin,Colin,Bonnie,Ashcroft
Collin,Collin,Brandi,Aslam
Connor,Connor,Brandy,Aslan
Conrad,Conrad,Breanna,Ata
Corey,Corey,Brenda,Atkins
Craig,Craig,Brenna,Aubert
Cristian,Cristian,Briana,Auer
Curtis,Curtis,Brianna,Auerbach
Dakota,Dakota,Bridget,Augustin
Dale,Dale,Bridgette,Aung
Damian,Damian,Brittany,Aurelio
Damon,Damon,Brooke,Avedisian
Daniel,Daniel,Caitlin,Avila
Danny,Danny,Caitlyn,Awad
Dante,Dante,Callie,Ayala
Darian,Darian,Camila,Aydin
Darius,Darius,Camille,Aziz
Darren,Darren,Candace,Babadjanov
Dave,Dave,Candice,Bach
David,David,Cara,Bader
Dean,Dean,Carla,Baez
Dennis,Dennis,Carlie,Bagheri
Derek,Derek,Carmen,Bahrami
Derrick,Derrick,Carol,Bailey
Desmond,Desmond,Carole,Baird
Devin,Devin,Carolina,Bakker
Devon,Devon,Caroline,Bakshi
Diego,Diego,Carolyn,Balakrishnan
Dominic,Dominic,Carrie,Baldwin
Don,Don,Casey,Balian
Donald,Donald,Cassandra,Ballesteros
Donovan,Donovan,Cassidy,Balsamo
Douglas,Douglas,Catherine,Bamford
Drake,Drake,Cathleen,Bancroft
Drew,Drew,Cathy,Baptiste
Duane,Duane,Cecelia,Barakat
Dustin,Dustin,Cecilia,Barber
Dwayne,Dwayne,Celeste,Barberio
Dwight,Dwight,Celia,Barberis
Dylan,Dylan,Chandra,Barbieri
Earl,Earl,Charlene,Barbu
Easton,Easton,Charlotte,Barclay
Eddie,Eddie,Chelsea,Barrera
Edgar,Edgar,Chelsey,Barrientos
Eduardo,Eduardo,Cheryl,Barros
Edward,Edward,Cheyenne,Bartlett
Edwin,Edwin,Chloe,Barton
Elias,Elias,Chris,Baruch
Elijah,Elijah,Christa,Basel
Elliot,Elliot,Christie,Bashir
Elliott,Elliott,Christina,Bassi
Ellis,Ellis,Christine,Bastos
Emiliano,Emiliano,Christy,Batalha
Emilio,Emilio,Cindy,Bates
Emmanuel,Emmanuel,Clara,Batista
Emmett,Emmett,Clare,Battaglia
Enrique,Enrique,Clarissa,Bauer
Eric,Eric,Claudia,Baum
Erick,Erick,Colleen,Baumann
Erik,Erik,Connie,Baxter
Ernest,Ernest,Cora,Bayar
Ethan,Ethan,Courtney,Beaumont
Eugene,Eugene,Cristina,Beck
Evan,Evan,Crystal,Becker
Everett,Everett,Cynthia,Beckett
Felipe,Felipe,Daisy,Bedoya
Felix,Felix,Dakota,Belanger
Fernando,Fernando,Dana,Belisario
Floyd,Floyd,Daniela,Bellamy
Francis,Francis,Daniella,Belmont
Francisco,Francisco,Danielle,Beltran
Frank,Frank,Daphne,Benali
Frankie,Frankie,Darlene,Benitez
Franklin,Franklin,Dawn,Bennett
Fred,Fred,Deanna,Benson
Freddie,Freddie,Debbie,Berger
Frederick,Frederick,Deborah,Berisha
Gabriel,Gabriel,Debra,Bernal
Garrett,Garrett,Deidre,Bernard
Gavin,Gavin,Deirdre,Bernardo
Gene,Gene,Delaney,Bertolini
Geoffrey,Geoffrey,Delia,Bertram
George,George,Denise,Bertucci
Gerald,Gerald,Desiree,Bessa
Gilbert,Gilbert,Destiny,Bianchi
Glen,Glen,Diana,Bidwell
Glenn,Glenn,Diane,Biel
Gordon,Gordon,Dianna,Bieler
Grant,Grant,Dominique,Billings
Greg,Greg,Donna,Bingham
Gregory,Gregory,Dora,Birnbaum
Griffin,Griffin,Doreen,Bishop
Guillermo,Guillermo,Dorothy,Bjornsson
Gustavo,Gustavo,Ebony,Black
Harold,Harold,Edith,Blanchard
Harrison,Harrison,Eileen,Blanco
Harry,Harry,Elaine,Blom
Harvey,Harvey,Eleanor,Blomqvist
Hayden,Hayden,Elena,Bloom
Hector,Hector,Eliana,Bo
Henry,Henry,Elisa,Bocanegra
Herbert,Herbert,Elisabeth,Bock
Howard,Howard,Elise,Boden
Hugh,Hugh,Eliza,Bodhi
Hunter,Hunter,Elizabeth,Bogdan
Ian,Ian,Ella,Bogdanov
Isaac,Isaac,Elle,Boivin
Isaiah,Isaiah,Ellen,Bokhari
Ismael,Ismael,Ellie,Bolton
Israel,Israel,Eloise,Bond
Ivan,Ivan,Elsa,Bonilla
Jack,Jack,Elsie,Bonnet
Jackson,Jackson,Elvira,Bonvino
Jacob,Jacob,Elyse,Borges
Jaden,Jaden,Emily,Borgström
Jake,Jake,Emma,Bosco
James,James,Erica,Boucher
Jamie,Jamie,Ericka,Boudreaux
Jared,Jared,Erika,Boulay
Jarrett,Jarrett,Erin,Bowman
Jarvis,Jarvis,Esmeralda,Boyd
Jason,Jason,Estelle,Boyer
Jasper,Jasper,Esther,Bozkurt
Javier,Javier,Eva,Bradshaw
Jay,Jay,Evelyn,Braga
Jayden,Jayden,Faith,Branham
Jeff,Jeff,Faye,Branson
Jeffery,Jeffery,Felicia,Brant
Jeffrey,Jeffrey,Fernanda,Braun
Jeremiah,Jeremiah,Fiona,Bray
Jeremy,Jeremy,Frances,Brennan
Jermaine,Jermaine,Francesca,Briggs
Jerome,Jerome,Francine,Brock
Jerry,Jerry,Gabriela,Broderick
Jesse,Jesse,Gabriella,Brodsky
Jessie,Jessie,Gabrielle,Broman
Jesus,Jesus,Gail,Bronstein
Jim,Jim,Georgia,Brooks
Jimmy,Jimmy,Georgina,Brown
Joey,Joey,Geraldine,Brunetti
John,John,Gia,Bruno
Johnny,Johnny,Gina,Bryant
Jon,Jon,Ginger,Buchanan
Jonah,Jonah,Gladys,Buchholz
Jonathan,Jonathan,Glenda,Buda
Jordan,Jordan,Gloria,Buendia
Jorge,Jorge,Grace,Bui
Jose,Jose,Gracie,Burgos
Joseph,Joseph,Greta,Burke
Josh,Josh,Gretchen,Burlington
Joshua,Joshua,Guadalupe,Burr
Josiah,Josiah,Gwendolyn,Burris
Juan,Juan,Hailey,Burrows
Julian,Julian,Haleigh,Busch
Julio,Julio,Haley,Bustos
Julius,Julius,Hallie,Butler
Justin,Justin,Hannah,Byrne
Kaden,Kaden,Harper,Cabral
Kai,Kai,Hazel,Cabrera
Kaleb,Kaleb,Heather,Cadwell
Karl,Karl,Heidi,Cahill
Keith,Keith,Helen,Cai
Kelvin,Kelvin,Helena,Calderon
Ken,Ken,Holly,Caldwell
Kenneth,Kenneth,Hope,Calhoun
Kent,Kent,Ida,Callahan
Kevin,Kevin,Iliana,Camacho
Kirk,Kirk,Imani,Cameron
Kris,Kris,Ingrid,Campbell
Kristian,Kristian,Irene,Campos
Kristopher,Kristopher,Iris,Cannon
Kurt,Kurt,Isabel,Cantrell
Kurtis,Kurtis,Isabella,Cantu
Kyle,Kyle,Isabelle,Capone
Lance,Lance,Isis,Carballo
Larry,Larry,Ivanna,Carbone
Lawrence,Lawrence,Ivy,Cardoso
Lee,Lee,Jacqueline,Carillo
Leo,Leo,Jade,Carlsson
Leon,Leon,Jamie,Carneiro
Leonard,Leonard,Jane,Carney
Leonardo,Leonardo,Janet,Carpenter
Leroy,Leroy,Janice,Carr
Leslie,Leslie,Janie,Carranza
Levi,Levi,Janna,Carroll
Lewis,Lewis,Jasmine,Carson
Liam,Liam,Jean,Carter
Logan,Logan,Jeanette,Cartwright
Lonnie,Lonnie,Jeanne,Caruso
Louis,Louis,Jenna,Casado
Lucas,Lucas,Jennifer,Casanova
Luis,Luis,Jenny,Castaneda
Luke,Luke,Jessica,Castillo
Malcolm,Malcolm,Jessie,Castro
Manuel,Manuel,Jill,Catalano
Marc,Marc,Jillian,Cattaneo
Marcel,Marcel,Jo,Cavalli
Marco,Marco,Joan,Cavanaugh
Marcos,Marcos,Joanna,Caycedo
Marcus,Marcus,Joanne,Cecchini
Mario,Mario,Jocelyn,Celis
Mark,Mark,Jodi,Cervantes
Marlon,Marlon,Jody,Chakrabarti
Marshall,Marshall,Jordan,Chalmers
Martin,Martin,Josephine,Chan
Marvin,Marvin,Josie,Chandra
Mason,Mason,Joy,Chang
Mathew,Mathew,Joyce,Chao
Matt,Matt,Judith,Chapman
Matthew,Matthew,Judy,Charbonneau
Maurice,Maurice,Julia,Chaudhary
Max,Max,Juliana,Chen
Maxwell,Maxwell,Julianna,Cheung
Melvin,Melvin,Julianne,Chiang
Micah,Micah,Julie,Chin
Michael,Michael,Juliet,Cho
Miguel,Miguel,June,Choi
Mike,Mike,Justine,Christensen
Miles,Miles,Kaitlin,Christiansen
Milton,Milton,Kaitlyn,Christianson
Mitchell,Mitchell,Karen,Chu
Moses,Moses,Kari,Chung
Nathan,Nathan,Karin,Cifuentes
Nathaniel,Nathaniel,Karina,Clair
Neal,Neal,Karla,Clarke
Neil,Neil,Katelyn,Claudel
Nelson,Nelson,Katherine,Clemens
Nicholas,Nicholas,Kathleen,Cline
Nick,Nick,Kathryn,Cloutier
Noah,Noah,Kathy,Cobb
Nolan,Nolan,Katie,Cobo
Norman,Norman,Katrina,Cohen
Oliver,Oliver,Kay,Colby
Omar,Omar,Kayla,Cole
Orlando,Orlando,Kaylee,Coleman
Oscar,Oscar,Keira,Collins
Owen,Owen,Kelli,Colombo
Pablo,Pablo,Kellie,Colson
Parker,Parker,Kelly,Combs
Pat,Pat,Kelsey,Compton
Patrick,Patrick,Kendra,Connelly
Paul,Paul,Kerry,Connors
Pedro,Pedro,Kim,Constantin
Perry,Perry,Kimberlee,Conti
Pete,Pete,Kimberley,Contreras
Peter,Peter,Kimberly,Conway
Philip,Philip,Kirsten,Cook
Phillip,Phillip,Krista,Corbett
Preston,Preston,Kristen,Cordero
Quentin,Quentin,Kristi,Cordova
Quincy,Quincy,Kristie,Cortez
Quinn,Quinn,Kristin,Costa
Rafael,Rafael,Kristina,Côté
Ralph,Ralph,Kristine,Cotter
Ramiro,Ramiro,Kristy,Covington
Ramon,Ramon,Krystal,Cox
Randall,Randall,Kyla,Crane
Randolph,Randolph,Kylee,Crawford
Randy,Randy,Kylie,Crespo
Raul,Raul,Lacey,Crispin
Ray,Ray,Lana,Cruz
Raymond,Raymond,Lara,Cuellar
Reed,Reed,Larissa,Cullen
Reggie,Reggie,Laura,Cummings
Reginald,Reginald,Lauren,Cunha
Rene,Rene,Laurie,Curiel
Reuben,Reuben,Leah,Curran
Rex,Rex,Leann,Curtis
Ricardo,Ricardo,Leanna,D'Amico
Richard,Richard,Lee,Da Costa
Rick,Rick,Leigh,Da Silva
Ricky,Ricky,Lena,Dacosta
Rob,Rob,Lesley,Dahl
Robert,Robert,Leslie,Dai
Roberto,Roberto,Leticia,Dale
Robin,Robin,Lila,Dalton
Rocco,Rocco,Lillian,Damian
Rodney,Rodney,Lillie,Dangelo
Roger,Roger,Lily,Davenport
Roland,Roland,Linda,David
Ron,Ron,Lindsay,Davies
Ronald,Ronald,Lindsey,Davis
Ronnie,Ronnie,Lisa,De la Cruz
Ross,Ross,Liz,De Luca
Roy,Roy,Liza,De Santis
Ruben,Ruben,Logan,De Vries
Russell,Russell,Lois,Dean
Ryan,Ryan,Lola,Debs
Salvador,Salvador,Loretta,Delgado
Sam,Sam,Lori,Delorme
Sammy,Sammy,Lorraine,Demir
Samuel,Samuel,Louise,Deniz
Santiago,Santiago,Lucia,Deprez
Saul,Saul,Lucille,Diaz
Scott,Scott,Lucy,Díaz
Sean,Sean,Lydia,Dickson
Sergio,Sergio,Lynette,Diego
Seth,Seth,Lynn,Dinh
Shane,Shane,Lynne,Dixon
Shannon,Shannon,Mabel,Dominguez
Shaun,Shaun,Mackenzie,Donato
Shawn,Shawn,Macy,Donovan
Sidney,Sidney,Madalyn,Dorsey
Simon,Simon,Maddie,Dos Santos
Spencer,Spencer,Madeline,Duarte
Stan,Stan,Madelyn,Dube
Stanley,Stanley,Madison,Dubois
Stephen,Stephen,Mae,Dudley
Steve,Steve,Maeve,Duncan
Steven,Steven,Maggie,Duran
Stuart,Stuart,Makayla,Durand
Tanner,Tanner,Malinda,Durham
Taylor,Taylor,Mallory,Duval
Terrance,Terrance,Mandy,Dvorak
Terrell,Terrell,Marcella,Eaton
Terry,Terry,Marci,Ebrahim
Theodore,Theodore,Marcia,Echeverri
Thomas,Thomas,Margaret,Edwards
Tim,Tim,Margarita,Egan
Timmy,Timmy,Margie,Ehrlich
Timothy,Timothy,Maria,Elbaz
Toby,Toby,Mariah,Eliot
Todd,Todd,Mariam,Elkins
Tom,Tom,Marian,Ellington
Tomas,Tomas,Maribel,Ellison
Tommie,Tommie,Marie,Emerson
Tommy,Tommy,Marilyn,Emery
Tony,Tony,Marina,Eng
Tracy,Tracy,Marisa,Engel
Travis,Travis,Marisol,Enriquez
Trent,Trent,Marissa,Eriksson
Trenton,Trenton,Maritza,Espinoza
Trevor,Trevor,Marlene,Esteban
Troy,Troy,Marsha,Estevez
Ty,Ty,Marta,Evans
Tyler,Tyler,Martha,Fabre
Tyrone,Tyrone,Martina,Fadel
Victor,Victor,Mary,Fahad
Vincent,Vincent,Maryann,Fakhar
Vince,Vince,Matilda,Farah
Virgil,Virgil,Maureen,Farias
Wade,Wade,Mavis,Farina
Walter,Walter,Maxine,Farley
Warren,Warren,Maya,Farmer
Wayne,Wayne,Megan,Farrell
Wesley,Wesley,Meghan,Farrington
Weston,Weston,Melanie,Fassbinder
Will,Will,Melinda,Faure
William,William,Melissa,Fay
Willie,Willie,Melody,Fazio
Wilson,Wilson,Mercedes,Fernandes
Wyatt,Wyatt,Meredith,Fernandez
Xavier,Xavier,Mia,Ferreira
Zach,Zach,Michaela,Ferrer
Zachariah,Zachariah,Michele,Ferretti
Zachary,Zachary,Michelle,Figueroa
Zane,Zane,Mikayla,Filipov
Zion,Zion,Mildred,Finch
Adolfo,Adolfo,Mindy,Fischer
Alaric,Alaric,Miranda,Fitzgerald
Alfonso,Alfonso,Miriam,Flores
Alistair,Alistair,Misty,Fonseca
Alonso,Alonso,Molly,Forbes
Amadeo,Amadeo,Monica,Ford
Andrian,Andrian,Monique,Foster
Aric,Aric,Morgan,Fournier
Arlo,Arlo,Myra,Fox
Arturo,Arturo,Myrna,Francis
Baldwin,Baldwin,Myrtle,Franco
Bastien,Bastien,Nadia,François
Benedict,Benedict,Nancy,Frank
Benoit,Benoit,Naomi,Franklin
Bodhi,Bodhi,Natalia,Franks
Callum,Callum,Natalie,Freeman
Cassius,Cassius,Natasha,Friedman
Cedric,Cedric,Nellie,Fu
Cillian,Cillian,Nia,Fujimoto
Clarence,Clarence,Nichole,Fujiwara
Clyde,Clyde,Nicole,Fukumoto
Corbin,Corbin,Nikki,Gabay
Cormac,Cormac,Nina,Gagnon
Damien,Damien,Noelle,Galan
Dante,Dante,Nora,Galvez
Darian,Darian,Norma,Gama
Dario,Dario,Olga,Gamboa
Dashiell,Dashiell,Olivia,Gandhi
Deshawn,Deshawn,Paige,Garcia
Dorian,Dorian,Pam,García
Eamon,Eamon,Pamela,Gardner
Efrain,Efrain,Pat,Garnier
Elian,Elian,Patricia,Garrido
Elliott,Elliott,Patsy,Garrison
Emery,Emery,Patti,Gates
Enzo,Enzo,Patty,Gauthier
Eoghan,Eoghan,Paula,Gavrilov
Ewan,Ewan,Pauline,Georgiou
Fabian,Fabian,Pearl,Gibbs
Ferran,Ferran,Peggy,Gibson
Finley,Finley,Penny,Gil
Flynn,Flynn,Perla,Gilbert
Forest,Forest,Phyllis,Gillespie
Franciszek,Franciszek,Priscilla,Gimenez
Gideon,Gideon,Quinn,Gomez
Grady,Grady,Rachel,Gómez
Harlan,Harlan,Rachael,Gonzales
Hector,Hector,Rachelle,Gonzalez
Hugo,Hugo,Rae,Goodman
Iker,Iker,Raegan,Gopal
Ignacio,Ignacio,Raquel,Gordon
Isidore,Isidore,Raven,Gracia
Joaquin,Joaquin,Reagan,Grant
Jonas,Jonas,Rebecca,Graves
Jovan,Jovan,Rebekah,Green
Julien,Julien,Regina,Greene
Kael,Kael,Renee,Griffin
Keegan,Keegan,Rhonda,Grimaldi
Kendrick,Kendrick,Riley,Guerrero
Kian,Kian,Rita,Gupta
Killian,Killian,Roberta,Gutiérrez
Kristof,Kristof,Robin,Ha
Lachlan,Lachlan,Rochelle,Habib
Landon,Landon,Rosa,Haddad
Leander,Leander,Rosalie,Hafez
Leonel,Leonel,Rose,Hagen
Lucian,Lucian,Rosemary,Hahn
Lucius,Lucius,Rosie,Haile
Malik,Malik,Rowena,Hall
Mateo,Mateo,Roxanne,Hamilton
Matias,Matias,Ruby,Hammond
Maximilian,Maximilian,Ruth,Han
Nash,Nash,Sabrina,Hansen
Nikolai,Nikolai,Sadie,Harrison
Oisin,Oisin,Sally,Harvey
Orion,Orion,Samantha,Hasegawa
Paolo,Paolo,Sandra,Hashimoto
Percival,Percival,Sara,Hassan
Quade,Quade,Sarah,Hassanpour
Rafael,Rafael,Sasha,Hata
Raphael,Raphael,Savannah,Hawkins
Remy,Remy,Scarlett,Hayashi
Ronan,Ronan,Selena,Hayes
Rory,Rory,Serena,Hayward
Ruben,Ruben,Shana,He
Salvatore,Salvatore,Shannon,Hernandez
Santiago,Santiago,Shari,Hicks
Seamus,Seamus,Sharon,Hidalgo
Sebastian,Sebastian,Shauna,Higashi
Soren,Soren,Shawna,Hill
Thiago,Thiago,Sheena,Hirsch
Tobias,Tobias,Sheila,Hobbs
Troy,Troy,Shelby,Hoffman
Ulises,Ulises,Shelia,Holmes
Valentin,Valentin,Shelley,Holt
Vaughn,Vaughn,Sherri,Hoover
Victoriano,Victoriano,Sherry,Hopkins
Viggo,Viggo,Sheryl,Hsu
Xander,Xander,Shirley,Hu
Yahir,Yahir,Sierra,Huang
Zayden,Zayden,Silvia,Hudson
Zephyr,Zephyr,Simone,Hughes
Zion,Zion,Sofia,Hussain
Pootytang,Pootytang,Sonia,Hwang
Keanu,Keanu,Sonya,Ibrahim
Abdullah,Abdullah,Sophie,Iglesias
Abigail,,Stacey,Ikeda
Ada,,Stacy,Inoue
Adaline,,Stella,Irwin
Addison,,Stephanie,Ivanov
Adriana,,Sue,Iversen
Adrienne,,Summer,Iwasaki
Aileen,,Susan,Jackson
Aimee,,Susanna,Jacobs
Alana,,Susanne,Jafari
Alba,,Susie,Jain
Alejandra,,Suzanne,James
Alexa,,Sydney,Jansen
Alexandra,,Sylvia,Jiang
Alexandria,,Tabitha,Jiménez
Alexis,,Tamara,Johansson
Alice,,Tami,Johnson
Alicia,,Tamika,Johnston
Alisha,,Tammy,Jones
Alison,,Tania,Jordan
Allison,,Tanisha,Jung
Allyson,,Tanya,Kaczmarek
Alyssa,,Tara,Kang
Amanda,,Tasha,Kara
Amber,,Taylor,Kaur
Amelia,,Teresa,Keane
Amira,,Terri,Keller
Amy,,Terry,Kemp
Ana,,Theresa,Kennedy
Anastasia,,Therese,Khan
Andrea,,Tia,Khatri
Angela,,Tiffany,Kim
Angelica,,Tina,King
Angelina,,Toni,Kingsley
Angie,,Tonia,Klein
Anita,,Tonya,Kobayashi
Ann,,Tracey,Koch
Anna,,Traci,Koenig
Annabelle,,Tracie,Koh
Anne,,Tracy,Kohler
Annette,,Tricia,Kong
Annie,,Trina,Kowalski
Antonia,,Trisha,Kruger
April,,Trudy,Kumar
Aria,,Valentina,Kwon
Ariana,,Valerie,Lai
Arianna,,Vanessa,Lam
Ariel,,Vera,Lamb
Arlene,,Veronica,Lambert
Ashlee,,Vicki,Landry
Ashley,,Vickie,Lane
Ashlyn,,Vicky,Lang
Aspen,,Victoria,Langley
Athena,,Viola,Larsen
Aubree,,Violet,Larsson
Aubrey,,Virginia,Lawrence
Audra,,Vivian,Le
Audrey,,Wanda,LeBlanc
Autumn,,Wendy,Lee
Ava,,Whitney,Lehmann
Avery,,Wilma,Leite
Bailey,,Winifred,Lemieux
Barbara,,Winter,Leon
Beatrice,,Yasmin,Leonard
Becky,,Yolanda,Leone
Belinda,,Yvette,Leung
Bella,,Yvonne,Li
Bernadette,,Zara,Liao
Beth,,Zoe,Lin
Bethany,,Zoey,Lindberg
Betsy,,Pootytang,Lindholm
Betty,,,Lindquist
Beverly,,,Liu
Bianca,,,Lopez
Billie,,,Lorenz
Blair,,,Lorenzo
Blanca,,,Lou
Bonnie,,,Love
Brandi,,,Low
Brandy,,,Lowe
Breanna,,,Lucas
Brenda,,,Luciano
Brenna,,,Luiz
Briana,,,Lund
Brianna,,,Luo
Bridget,,,Lyons
Bridgette,,,MacDonald
Brittany,,,Macedo
Brooke,,,MacGregor
Caitlin,,,Machado
Caitlyn,,,Mack
Callie,,,MacLean
Camila,,,Maddox
Camille,,,Magalhães
Candace,,,Mahmoud
Candice,,,Mai
Cara,,,Malik
Carla,,,Mann
Carlie,,,Manning
Carmen,,,Manuel
Carol,,,Marquez
Carole,,,Martin
Carolina,,,Martinez
Caroline,,,Mason
Carolyn,,,Mathews
Carrie,,,Matsumoto
Casey,,,Matsuo
Cassandra,,,Matthews
Cassidy,,,McBride
Catherine,,,McCarthy
Cathleen,,,McCormick
Cathy,,,McDonald
Cecelia,,,McFadden
Cecilia,,,McGee
Celeste,,,McGregor
Celia,,,McIntyre
Chandra,,,McKenzie
Charlene,,,McLean
Charlotte,,,Mehta
Chelsea,,,Meier
Chelsey,,,Mejía
Cheryl,,,Melendez
Cheyenne,,,Mendoza
Chloe,,,Mercado
Chris,,,Meyer
Christa,,,Miao
Christie,,,Miller
Christina,,,Mills
Christine,,,Min
Christy,,,Miranda
Cindy,,,Miyamoto
Clara,,,Molina
Clare,,,Monroe
Clarissa,,,Montgomery
Claudia,,,Moore
Colleen,,,Morales
Connie,,,Moreno
Cora,,,Mori
Courtney,,,Morrison
Cristina,,,Moss
Crystal,,,Mueller
Cynthia,,,Müller
Daisy,,,Murphy
Dakota,,,Myers
Dana,,,Naidoo
Daniela,,,Nakamura
Daniella,,,Nakano
Danielle,,,Nam
Daphne,,,Ng
Darlene,,,Nguyen
Dawn,,,Nielsen
Deanna,,,Nikolov
Debbie,,,Nishimura
Deborah,,,Nobu
Debra,,,Nolan
Deidre,,,Nordström
Deirdre,,,O'Brien
Delaney,,,O'Sullivan
Delia,,,Ochoa
Denise,,,Oda
Desiree,,,Ogawa
Destiny,,,Okada
Diana,,,Olivares
Diane,,,Oliver
Dianna,,,Olsen
Dominique,,,Olson
Donna,,,Omar
Dora,,,Ortiz
Doreen,,,Ota
Dorothy,,,Otero
Ebony,,,Owens
Edith,,,Pacheco
Eileen,,,Pang
Elaine,,,Park
Eleanor,,,Parrish
Elena,,,Patel
Eliana,,,Patterson
Elisa,,,Patton
Elisabeth,,,Paula
Elise,,,Paulsen
Eliza,,,Pérez
Elizabeth,,,Perkins
Ella,,,Peterson
Elle,,,Pham
Ellen,,,Philips
Ellie,,,Pinto
Eloise,,,Pizarro
Elsa,,,Poole
Elsie,,,Porter
Elvira,,,Powell
Elyse,,,Prasad
Emily,,,Quintero
Emma,,,Ramirez
Erica,,,Ramos
Ericka,,,Rana
Erika,,,Randall
Erin,,,Rashid
Esmeralda,,,Rasmussen
Estelle,,,Reed
Esther,,,Reyes
Eva,,,Reynolds
Evelyn,,,Ribeiro
Faith,,,Ricci
Faye,,,Richards
Felicia,,,Richardson
Fernanda,,,Rios
Fiona,,,Rivera
Frances,,,Roberts
Francesca,,,Robertson
Francine,,,Rocha
Gabriela,,,Rodriguez
Gabriella,,,Romero
Gabrielle,,,Rossi
Gail,,,Roth
Georgia,,,Roy
Georgina,,,Ruiz
Geraldine,,,Russell
Gia,,,Ryan
Gina,,,Sanchez
Ginger,,,Sanders
Gladys,,,Santos
Glenda,,,Sawyer
Gloria,,,Schmidt
Grace,,,Schneider
Gracie,,,Schroeder
Greta,,,Scott
Gretchen,,,Sehgal
Guadalupe,,,Shah
Gwendolyn,,,Sharma
Hailey,,,Shin
Haleigh,,,Silva
Haley,,,Simpson
Hallie,,,Singh
Hannah,,,Sinha
Harper,,,Siqueira
Hazel,,,Smith
Heather,,,Solis
Heidi,,,Song
Helen,,,Soto
Helena,,,Spencer
Holly,,,Stanford
Hope,,,Stein
Ida,,,Stephens
Iliana,,,Stern
Imani,,,Stevens
Ingrid,,,Stewart
Irene,,,Stone
Iris,,,Stuart
Isabel,,,Sullivan
Isabella,,,Sun
Isabelle,,,Suzuki
Isis,,,Swanson
Ivanna,,,Tan
Ivy,,,Tang
Jacqueline,,,Taylor
Jade,,,Tedesco
Jamie,,,Teixeira
Jane,,,Teng
Janet,,,Thompson
Janice,,,Tran
Janie,,,Travieso
Janna,,,Tremblay
Jasmine,,,Truong
Jean,,,Tsai
Jeanette,,,Tsuji
Jeanne,,,Tu
Jenna,,,Turner
Jennifer,,,Ueda
Jenny,,,Ulrich
Jessica,,,Umar
Jessie,,,Underwood
Jill,,,Upton
Jillian,,,Valdez
Jo,,,Valentini
Joan,,,Vargas
Joanna,,,Vasquez
Joanne,,,Vega
Jocelyn,,,Velasco
Jodi,,,Ventura
Jody,,,Verma
Jordan,,,Vidal
Josephine,,,Vieira
Josie,,,Villanueva
Joy,,,Vincent
Joyce,,,Vogt
Judith,,,Wagner
Judy,,,Walsh
Julia,,,Walter
Juliana,,,Wang
Julianna,,,Ward
Julianne,,,Warner
Julie,,,Watson
Juliet,,,Weber
June,,,Wells
Justine,,,White
Kaitlin,,,Whitney
Kaitlyn,,,Williams
Karen,,,Williamson
Kari,,,Wilson
Karin,,,Wu
Karina,,,Xie
Karla,,,Xu
Katelyn,,,Yamamoto
Katherine,,,Yang
Kathleen,,,Yao
Kathryn,,,Yates
Kathy,,,Ye
Katie,,,Yilmaz
Katrina,,,Yokoyama
Kay,,,Young
Kayla,,,Yu
Kaylee,,,Zamora
Keira,,,Zapata
Kelli,,,Zhang
Kellie,,,Zhao
Kelly,,,Zheng
Kelsey,,,Zimmerman
Kendra,,,Zuniga
Kerry,,,Habsburg
Kim,,,
Kimberlee,,,
Kimberley,,,
Kimberly,,,
Kirsten,,,
Krista,,,
Kristen,,,
Kristi,,,
Kristie,,,
Kristin,,,
Kristina,,,
Kristine,,,
Kristy,,,
Krystal,,,
Kyla,,,
Kylee,,,
Kylie,,,
Lacey,,,
Lana,,,
Lara,,,
Larissa,,,
Laura,,,
Lauren,,,
Laurie,,,
Leah,,,
Leann,,,
Leanna,,,
Lee,,,
Leigh,,,
Lena,,,
Lesley,,,
Leslie,,,
Leticia,,,
Lila,,,
Lillian,,,
Lillie,,,
Lily,,,
Linda,,,
Lindsay,,,
Lindsey,,,
Lisa,,,
Liz,,,
Liza,,,
Logan,,,
Lois,,,
Lola,,,
Loretta,,,
Lori,,,
Lorraine,,,
Louise,,,
Lucia,,,
Lucille,,,
Lucy,,,
Lydia,,,
Lynette,,,
Lynn,,,
Lynne,,,
Mabel,,,
Mackenzie,,,
Macy,,,
Madalyn,,,
Maddie,,,
Madeline,,,
Madelyn,,,
Madison,,,
Mae,,,
Maeve,,,
Maggie,,,
Makayla,,,
Malinda,,,
Mallory,,,
Mandy,,,
Marcella,,,
Marci,,,
Marcia,,,
Margaret,,,
Margarita,,,
Margie,,,
Maria,,,
Mariah,,,
Mariam,,,
Marian,,,
Maribel,,,
Marie,,,
Marilyn,,,
Marina,,,
Marisa,,,
Marisol,,,
Marissa,,,
Maritza,,,
Marlene,,,
Marsha,,,
Marta,,,
Martha,,,
Martina,,,
Mary,,,
Maryann,,,
Matilda,,,
Maureen,,,
Mavis,,,
Maxine,,,
Maya,,,
Megan,,,
Meghan,,,
Melanie,,,
Melinda,,,
Melissa,,,
Melody,,,
Mercedes,,,
Meredith,,,
Mia,,,
Michaela,,,
Michele,,,
Michelle,,,
Mikayla,,,
Mildred,,,
Mindy,,,
Miranda,,,
Miriam,,,
Misty,,,
Molly,,,
Monica,,,
Monique,,,
Morgan,,,
Myra,,,
Myrna,,,
Myrtle,,,
Nadia,,,
Nancy,,,
Naomi,,,
Natalia,,,
Natalie,,,
Natasha,,,
Nellie,,,
Nia,,,
Nichole,,,
Nicole,,,
Nikki,,,
Nina,,,
Noelle,,,
Nora,,,
Norma,,,
Olga,,,
Olivia,,,
Paige,,,
Pam,,,
Pamela,,,
Pat,,,
Patricia,,,
Patsy,,,
Patti,,,
Patty,,,
Paula,,,
Pauline,,,
Pearl,,,
Peggy,,,
Penny,,,
Perla,,,
Phyllis,,,
Priscilla,,,
Quinn,,,
Rachel,,,
Rachael,,,
Rachelle,,,
Rae,,,
Raegan,,,
Raquel,,,
Raven,,,
Reagan,,,
Rebecca,,,
Rebekah,,,
Regina,,,
Renee,,,
Rhonda,,,
Riley,,,
Rita,,,
Roberta,,,
Robin,,,
Rochelle,,,
Rosa,,,
Rosalie,,,
Rose,,,
Rosemary,,,
Rosie,,,
Rowena,,,
Roxanne,,,
Ruby,,,
Ruth,,,
Sabrina,,,
Sadie,,,
Sally,,,
Samantha,,,
Sandra,,,
Sara,,,
Sarah,,,
Sasha,,,
Savannah,,,
Scarlett,,,
Selena,,,
Serena,,,
Shana,,,
Shannon,,,
Shari,,,
Sharon,,,
Shauna,,,
Shawna,,,
Sheena,,,
Sheila,,,
Shelby,,,
Shelia,,,
Shelley,,,
Sherri,,,
Sherry,,,
Sheryl,,,
Shirley,,,
Sierra,,,
Silvia,,,
Simone,,,
Sofia,,,
Sonia,,,
Sonya,,,
Sophie,,,
Stacey,,,
Stacy,,,
Stella,,,
Stephanie,,,
Sue,,,
Summer,,,
Susan,,,
Susanna,,,
Susanne,,,
Susie,,,
Suzanne,,,
Sydney,,,
Sylvia,,,
Tabitha,,,
Tamara,,,
Tami,,,
Tamika,,,
Tammy,,,
Tania,,,
Tanisha,,,
Tanya,,,
Tara,,,
Tasha,,,
Taylor,,,
Teresa,,,
Terri,,,
Terry,,,
Theresa,,,
Therese,,,
Tia,,,
Tiffany,,,
Tina,,,
Toni,,,
Tonia,,,
Tonya,,,
Tracey,,,
Traci,,,
Tracie,,,
Tracy,,,
Tricia,,,
Trina,,,
Trisha,,,
Trudy,,,
Valentina,,,
Valerie,,,
Vanessa,,,
Vera,,,
Veronica,,,
Vicki,,,
Vickie,,,
Vicky,,,
Victoria,,,
Viola,,,
Violet,,,
Virginia,,,
Vivian,,,
Wanda,,,
Wendy,,,
Whitney,,,
Wilma,,,
Winifred,,,
Winter,,,
Yasmin,,,
Yolanda,,,
Yvette,,,
Yvonne,,,
Zara,,,
Zoe,,,
Zoey,,,
Pootytang,,,
