id,name,type,skill,tag,desc
edu_001,War Torn,Bio,Combat,Combat,"Threat recognition, rapid evacuation, trauma awareness"
edu_002,Rebel,Bio,Combat,Combat,"Guerrilla tactics, sabotage, terrain advantage"
edu_003,Loyalist,Bio,Combat,Combat,"Chain-of-command discipline, identity signaling, morale reinforcement"
edu_004,Academic,Bio,Knowledge,Knowledge,"Research methods, critical analysis, scholarly writing"
edu_005,Religious,Bio,Knowledge,Knowledge,"Moral instruction, oral tradition, symbolic interpretation"
edu_006,Hermit,Bio,Knowledge,Knowledge,"Self-defense planning, vigilance routines, survival hardening"
edu_007,Political,Bio,Social,Social,"Public messaging, coalition building, negotiation strategy"
edu_008,Corporate,Bio,Social,Social,"Brand alignment, performance metrics, strategic planning"
edu_009,Communal,Bio,Social,Social,"Resource sharing, conflict mediation, group decision-making"
edu_010,Nomadic,Bio,Exploration,Exploration,"Portable shelter systems, environmental reading, route memory"
edu_011,Criminal,Bio,Exploration,Exploration,"Deception tactics, illicit networks, risk assessment"
edu_012,Street,Bio,Exploration,Exploration,"Urban navigation, situational awareness, rapid adaptation"
edu_013,Agent,Career,Combat,Combat,"Operational planning, adaptive tactics, opportunity exploitation"
edu_014,Caravanner,Career,Exploration,Exploration,"Logistics management, supply coordination, territorial expansion"
edu_015,Coordinator,Career,Social,Social,"Workflow organization, personnel management, rapid mobilization"
edu_016,Courier,Career,Exploration,Exploration,"Message handling, route planning, rapid dispatch"
edu_017,Director,Career,Social,Social,"Command presence, strategic planning, diplomatic negotiation"
edu_018,Dragoon,Career,Combat,Combat,"Force projection, coercive authority, leverage tactics"
edu_019,Engineer,Career,Knowledge,Knowledge,"Technical construction, creative problem-solving, systems optimization"
edu_020,Envoy,Career,Social,Social,"Diplomatic representation, conflict mediation, formal negotiation"
edu_021,Executive,Career,Social,Social,"Decision authority, delegation systems, resource investment"
edu_022,Exterminator,Career,Combat,Combat,"Threat identification, systematic elimination, containment procedures"
edu_023,Governor,Career,Social,Social,"Policy enforcement, civil administration, institutional governance"
edu_024,Hunter,Career,Combat,Combat,"Tracking methods, pursuit tactics, capture techniques"
edu_025,Infiltrator,Career,Exploration,Exploration,"Stealth movement, security bypass, covert sabotage"
edu_026,Navigator,Career,Exploration,Exploration,"Cartographic knowledge, directional orientation, routefinding"
edu_027,Operator,Career,Knowledge,Knowledge,"Equipment handling, task execution, situational adaptation"
edu_028,Ranger,Career,Combat,Combat,"Area patrol, defensive tactics, wilderness mobility"
edu_029,Recon,Career,Exploration,Exploration,"Scouting methods, observational discipline, intelligence reporting"
edu_030,Recruiter,Career,Social,Social,"Talent identification, relationship building, enrollment tactics"
edu_031,Researcher,Career,Knowledge,Knowledge,"Experimental methods, controlled testing, knowledge discovery"
edu_032,Sage,Career,Knowledge,Knowledge,"Analytical reasoning, strategic counsel, predictive judgement"
edu_033,Settler,Career,Knowledge,Knowledge,"Site establishment, infrastructure development, population growth"
edu_034,Surveyor,Career,Exploration,Exploration,"Field surveying, environmental assessment, precision measurement"
edu_035,Technician,Career,Knowledge,Knowledge,"Equipment maintenance, mechanical repair, system calibration"
edu_036,Vanguard,Career,Combat,Combat,"Forward operations, direct engagement, inspirational leadership"
edu_037,Tech Models,Skill,Advanced,Tech,"Prototype systems, unconventional mechanisms, unknown materials"
edu_038,Tech Handling,Skill,Advanced,Tech,"Test-fire procedures, system monitoring, risk awareness"
edu_039,Tech Tactics,Skill,Advanced,Tech,"Field testing integration, contingency planning, evaluation use"
edu_040,Explosive Models,Skill,Advanced,Explosive,"Explosive classification, fuse types, detonation methods"
edu_041,Explosive Handling,Skill,Advanced,Explosive,"Safe transport, fuse preparation, risk mitigation"
edu_042,Explosive Tactics,Skill,Advanced,Explosive,"Demolition planning, breaching strategy, timing coordination"
edu_043,MG Models,Skill,Ballistic,MG,"Platform types, feed systems, mounting options"
edu_044,MG Handling,Skill,Ballistic,MG,"Stability control, reload coordination, firing posture"
edu_045,MG Tactics,Skill,Ballistic,MG,"Suppression fire, defensive coverage, area denial"
edu_046,Rifle Models,Skill,Ballistic,Rifle,"Action types, caliber classes, platform differences"
edu_047,Rifle Handling,Skill,Ballistic,Rifle,"Trigger discipline, reload rhythm, target acquisition"
edu_048,Rifle Tactics,Skill,Ballistic,Rifle,"Mid-range engagement, patrol readiness, coordinated fire"
edu_049,Shotgun Models,Skill,Ballistic,Shotgun,"Action types, gauge differences, ammunition varieties"
edu_050,Shotgun Handling,Skill,Ballistic,Shotgun,"Recoil management, movement discipline, muzzle control"
edu_051,Shotgun Tactics,Skill,Ballistic,Shotgun,"Close-range clearing, breaching support, confined-space engagement"
edu_052,Sidearm Models,Skill,Ballistic,Sidearm,"Pistol types, action mechanisms, magazine styles"
edu_053,Sidearm Handling,Skill,Ballistic,Sidearm,"Holster discipline, draw control, trigger control"
edu_054,Sidearm Tactics,Skill,Ballistic,Sidearm,"Backup engagement, rapid response, mobility shooting"
edu_055,Sniper Models,Skill,Ballistic,Sniper,"Precision platforms, optic systems, bipod use"
edu_056,Sniper Handling,Skill,Ballistic,Sniper,"Breathing control, concealment posture, slow movement"
edu_057,Sniper Tactics,Skill,Ballistic,Sniper,"Target prioritization, concealment strategy, relocation planning"
edu_058,Melee Models,Skill,Martial,Melee,"Material differences, grip designs, durability characteristics"
edu_059,Melee Handling,Skill,Martial,Melee,"Stance discipline, movement economy, recovery control"
edu_060,Melee Tactics,Skill,Martial,Melee,"Close-quarters engagement, disarm attempts, intimidation presence"
edu_061,Thrown Models,Skill,Martial,Thrown,"Thrown weapon types, weight distribution, grip styles"
edu_062,Thrown Handling,Skill,Martial,Thrown,"Grip preparation, stance alignment, draw motion"
edu_063,Thrown Tactics,Skill,Martial,Thrown,"Distraction use, opening strikes, ranged harassment"
edu_064,Unarmed Models,Skill,Martial,Unarmed,"Striking forms, grappling styles, stance systems"
edu_065,Unarmed Handling,Skill,Martial,Unarmed,"Footwork control, reaction timing, breathing discipline"
edu_066,Unarmed Tactics,Skill,Martial,Unarmed,"Close-quarters defense, restraint techniques, escape creation"
edu_067,Construction,Skill,Applied,Crafting,"Structural planning, load distribution, assembly sequencing"
edu_068,Manufacturing,Skill,Applied,Crafting,"Process optimization, production scaling, quality control"
edu_069,Tinkering,Skill,Applied,Crafting,"Mechanical adaptation, component modification, problem diagnosis"
edu_070,Research,Skill,Applied,Science,"Data gathering, hypothesis development, methodology structuring"
edu_071,Experimentation,Skill,Applied,Science,"Controlled testing, variable manipulation, results comparison"
edu_072,Empiricism,Skill,Applied,Science,"Evidence weighting, falsifiability testing, bias mitigation"
edu_073,Trauma,Skill,Natural,Medicine,"Emergency stabilization, shock recognition, rapid intervention"
edu_074,Triage,Skill,Natural,Medicine,"Severity assessment, casualty sorting, survival probability judgment"
edu_075,Medicinal,Skill,Natural,Medicine,"Pharmacological awareness, patient assessment, preventative care"
edu_076,Foraging,Skill,Natural,Survival,"Edible identification, seasonal awareness, safe harvesting"
edu_077,Flora,Skill,Natural,Survival,"Plant taxonomy, toxic awareness, growth patterns"
edu_078,Fauna,Skill,Natural,Survival,"Animal behavior study, habitat mapping, predator avoidance"
edu_079,Propaganda,Skill,Mythos,Media,"Emotional triggering, narrative manipulation, symbolic messaging"
edu_080,Broadcasting,Skill,Mythos,Media,"Audience engagement, voice control, signal coordination"
edu_081,Librarian,Skill,Mythos,Media,"Archival systems, information retrieval, preservation methods"
edu_082,Ritual,Skill,Mythos,Occult,"Ceremonial procedure, symbolic correspondences, ritual construction"
edu_083,Esoterica,Skill,Mythos,Occult,"Esoteric lore, supernatural phenomena, occult traditions"
edu_084,Obscura,Skill,Mythos,Occult,"Cult history, history of secretive movements, initiation systems"
edu_085,Misdirection,Skill,Influence,Deception,"Attention manipulation, false signaling, narrative diversion"
edu_086,Stoicism,Skill,Influence,Deception,"Emotion concealment, composure maintenance, stress masking"
edu_087,Bluffing,Skill,Influence,Deception,"Confidence projection, feigned knowledge, tactical exaggeration"
edu_088,Negotiation,Skill,Influence,Persuasion,"Compromise evaluation, negotiation psychology, win-win solution crafting"
edu_089,Philosophy,Skill,Influence,Persuasion,"Conceptual reasoning, ethical framing, critical discourse"
edu_090,Diplomacy,Skill,Influence,Persuasion,"Conflict mediation, alliance building, cultural understanding"
edu_091,Menace,Skill,Moxie,Intimidation,"Presence amplification, vocal intimidation, psychological pressure"
edu_092,Domination,Skill,Moxie,Intimidation,"Authority assertion, social leverage, influence through fear"
edu_093,Coercion,Skill,Moxie,Intimidation,"Persuasion under duress, leverage assessment, compliance negotiation"
edu_094,Authority,Skill,Moxie,Leadership,"Legitimacy projection, decision visibility, command presence"
edu_095,Coordination,Skill,Moxie,Leadership,"Team synchronization, role assignment, communication clarity"
edu_096,Direction,Skill,Moxie,Leadership,"Task prioritization, operational oversight, progress monitoring"
edu_097,Perception,Skill,Vigilance,Observation,"Sensory awareness, detail recognition, environmental scanning"
edu_098,Surveillance,Skill,Vigilance,Observation,"Pattern detection, anomaly recognition, covert observation"
edu_099,Reconnaissance,Skill,Vigilance,Observation,"Advance information gathering, route assessment, positional evaluation"
edu_100,Intuition,Skill,Vigilance,Awareness,"Instinctive assessment, subtle cues, situational judgement"
edu_101,Alertness,Skill,Vigilance,Awareness,"Threat awareness, distraction resistance, attention shifts"
edu_102,Situational,Skill,Vigilance,Awareness,"Developing events, changing circumstances, environmental relationships"
edu_103,Intrusion,Skill,Entry,Hack,"Firewall bypass, security protocol evasion, trace concealment"
edu_104,Cyberwarfare,Skill,Entry,Hack,"Malware deployment, defensive countermeasure analysis, target prioritization"
edu_105,Cracking,Skill,Entry,Hack,"Password decoding, encryption bypass, authentication subversion"
edu_106,Locksmithing,Skill,Entry,Lockpick,"Lock type identification, key replication, mechanical diagnosis"
edu_107,Security,Skill,Entry,Lockpick,"Alarm recognition, trap detection, vulnerability evaluation"
edu_108,Tumblers,Skill,Entry,Lockpick,"Pin alignment, tension control, precision application"
edu_109,Sleight,Skill,Intrusion,Pickpocket,"Hand dexterity, distraction deployment, smooth transfer"
edu_110,Cutpursing,Skill,Intrusion,Pickpocket,"Purse targeting, discreet handling, exit strategy"
edu_111,Planting,Skill,Intrusion,Pickpocket,"Covert placement, object substitution, timing coordination"
edu_112,Infiltration,Skill,Intrusion,Stealth,"Undetected entry, environmental awareness, guard timing"
edu_113,Shadowing,Skill,Intrusion,Stealth,"Target tracking, distance maintenance, pattern anticipation"
edu_114,Concealment,Skill,Intrusion,Stealth,"Camouflage deployment, cover utilization, visibility minimization"
edu_115,Aviation,Skill,Transport,Pilot,"Flight vehicle models, Instrument reading, emergency procedure"
edu_116,Mobilist,Skill,Transport,Pilot,"Ground vehicle models, mechanical awareness, road hazard assessment"
edu_117,Sailing,Skill,Transport,Pilot,"Aquatic vehicle models, seamanship, maritime safety"
edu_118,Maintenance,Skill,Transport,Mechanic,"Equipment inspection, fault diagnosis, component replacement"
edu_119,Fabrication,Skill,Transport,Mechanic,"Component construction, material adaptation, mechanical improvisation"
edu_120,Systems,Skill,Transport,Mechanic,"System integration, mechanical dependencies, complex equipment diagnosis"
