rank,title,category,date_begin,date_end,id,branch,forks_from,description,related,bible,visibility
1,Hugh Gryffin,Character,7/13/1840,9/14/1890,,,,,,,
2,American Civil War,War,4/12/1861,5/26/1865,,,,,,,
3,Leopold Gryffin,Character,8/22/1866,9/22/1930,,,,,,,
4,GI Machinery Founded,Corporate,2/4/1867,,,,,,,,
5,Capitol Relocation Vote,Governance,11/11/1868,,,,,,,,
6,Capitol Relocation Construction,Social,3/1/1869,5/28/1878,,,,,,,
7,Kazrik Lancer,Character,9/22/1876,1/7/1943,,,,,,,
8,1877 Union Strike,Social,7/22/1877,7/28/1877,,,,,,,
9,Markus Fox,Character,10/13/1893,10/24/1932,,,,,,,
10,Mickey Smith,Character,3/21/1897,1/1/1932,,,,,,,
11,"Aurora, Texas Event",Alien Event,4/17/1897,,,,,,,,
12,Viktor Igorevich,Character,12/7/1901,1/1/1932,,,,,,,
13,1904 St. Louis World's Fair,International,4/28/1904,12/1/1904,,,,,,,
14,Reinhardt Rayne,Character,8/3/1904,8/1/1981,,,,,,,
15,Leonard Gryffin,Character,10/10/1908,4/8/1960,,,,,,,
16,Nellie Bailus,Character,2/13/1910,1/1/1932,,,,,,,
17,Sinking of the Olympia,Social,4/15/1912,,,,,,,,
18,World War I,War,7/28/1914,11/11/1918,,,,,,,
19,Project Omega Revenant Experiments,Technological,4/10/1915,11/11/1918,,,,,,,
20,Fish Prototype Group Alpha,Technological,9/9/1919,9/9/1924,,,,,,,
21,Kazrik Lancer's Visions,Social,11/18/1920,,,,,,,,
22,Ivy Marks,Character,11/23/1920,4/20/1990,,,,,,,
23,Summit of the Giants,International,1/1/1922,1/1/1932,,,,,,,
24,Everett Fuchs,Character,2/2/1922,9/2/1981,,,,,,,
25,The Great Depression,International,10/24/1929,11/17/1937,,,,,,,
26,Summit Technologies Release (USA),Technological,2/1/1932,,,,,,,,
27,St. Louis Nuclear Grid Project,Technological,3/1/1932,3/1/1936,,,,,,,
28,Ezra Douglas,Character,3/5/1933,12/28/1999,,,,,,,
29,ROOT Founded,Corporate,10/13/1934,,,,,,,,
30,Marks Mechanical Founded,Corporate,6/3/1936,,,,,,,,
31,Redemption Technical Solutions Founded,Corporate,10/13/1936,,,,,,,,
32,Micky Smith Presidency,Governance,1/2/1937,11/1/1949,,,,,,,
33,Y-Drive V0,Technological,2/2/1938,4/20/1941,,,,,,,
34,First ARK Constructed,Technological,4/20/1938,,,,,,,,
35,World War II,War,9/1/1939,9/2/1945,,,,,,,
36,Cape Girardeau Legend,Alien Event,6/14/1941,,,,,,,,
37,Summit Technologies Release (EoB),Technological,2/1/1942,,,,,,,,
38,Government Restructure Program,Governance,8/14/1942,8/14/1947,,,,,,,
39,Trinity Test UFO,Alien Event,12/8/1945,,,,,,,,
40,Ken Eaglesmith Sighting,Alien Event,6/24/1946,,,,,,,,
41,Roswell Crash,Alien Event,6/4/1947,7/10/1947,,,,,,,
43,Alex Sterling,Character,6/1/1949,6/15/1970,,,,,,,
44,Summit Technologies Release (JPN),Technological,2/1/1952,,,,,,,,
45,Cain One,Character,10/11/1954,,,,,,,,
46,Nanobot Medical Drone,Technological,8/8/1955,10/2/1958,,,,,,,
47,Abel Seven,Character,5/28/1957,,,,,,,,
48,Y-Drive V1,Technological,3/3/1959,9/7/1960,,,,,,,
49,Ravenwood Rock Case II,Game,10/14/1959,12/28/1959,,,,,,,
50,First Man on the Moon,International,11/11/1959,,,,,,,,
51,Cain and Abel Adopted,Social,3/3/1960,,,,,,,,
52,Rayne Stellar Enterprises Founded,Corporate,3/28/1960,,,,,,,,
53,Lunar City Ursa Major Bult,International,6/12/1960,12/21/1960,,,,,,,
54,Reeve Rayne,Character,10/2/1962,12/28/1999,,,,,,,
55,Shag Harbor UFO,Alien Event,10/4/1964,,,,,,,,
56,Lionel Gryffin,Character,5/6/1965,12/28/1999,,,,,,,
57,Kecksburg UFO,Alien Event,12/9/1965,,,,,,,,
58,Jezebel Marks,Character,4/20/1967,12/28/1999,,,,,,,
59,Liam Byrne,Character,7/4/1967,12/28/1999,,,,,,,
60,Fish Distribution Day,International,8/18/1968,,,,,,,,
61,The Internet is Created,Technological,1/1/1969,4/7/1969,,,,,,,
62,Bellemere Emmental,Character,6/15/1970,12/28/1999,,,,,,,
63,Lunar City Ursa Minor Founded,International,3/16/1972,,,,,,,,
64,Cain kills Abel,Social,12/25/1972,,,,,,,,
65,Berwyn Mountain Incident,Alien Event,1/23/1974,,,,,,,,
66,Dustin Doe,Character,9/14/1974,12/28/1999,,,,,,,
67,Lunar City Darkstar Founded,International,1/24/1981,,,,,,,,
68,Redemption Technical Solutions Dissolved,Corporate,8/2/1981,,,,,,,,
69,Space Shuttle Challenger Explosion,International,1/28/1985,,,,,,,,
70,Orbital City Titan Founded,International,2/12/1985,,,,,,,,
71,Jezebel Marks Disappearance,Social,3/9/1988,,,,,,,,
72,The Second Yucatan Impact,International,7/3/1988,,,,,,,,
73,Mexico annexed as the 51st state,Governance,12/12/1988,,,,,,,,
74,Orbital City Sola Founded,International,6/7/1989,,,,,,,,
75,AEGIS Ring Construction,International,2/14/1990,12/28/1999,,,,,,,
76,Orbital City Umbra Founded,International,9/14/1992,,,,,,,,
77,The Flood of '93,Social,4/1/1993,8/12/1993,,,,,,,
78,Orbital City Luna Founded,International,11/21/1995,,,,,,,,
79,MAD Wars,War,6/6/1997,12/28/1999,,,,,,,
80,Spiral Cascade Thesis is Written,Technological,5/27/1999,12/2/1999,,,,,,,
